ID,Intercept,devpressure_30_05_01_2001,road_dens_perc,forest_2001_smooth_perc,dist_to_water_km,slope,dist_to_interchanges_km
37063,1.07470831362229,-0.0622632144668346,0.134120529146647,-0.048368338377005,1.04958131918036,0.0797260480766696,-0.244945234897227
37135,-0.722169307362242,-0.0622632144668346,0.134120529146647,-0.048368338377005,1.04958131918036,0.0797260480766696,-0.244945234897227
37183,0.856905931499934,-0.0622632144668346,0.134120529146647,-0.048368338377005,1.04958131918036,0.0797260480766696,-0.244945234897227
